,user_id,gender,nationality,age,french,chinese,jpan,italian,greek,indian,spain,lebanan,moroccan,turkish,thai,preferences
0,14567,Male,Bosnia,19,1,0,0,1,0,0,1,0,0,1,0,"['WHITE MEAT', 'PIZZA', 'BURGER']"
0,14567,Male,Bosnia,19,1,0,0,1,0,0,1,0,0,1,0,"['WHITE MEAT', 'PIZZA', 'BURGER']"
0,14567,Male,Bosnia,19,1,0,0,1,0,0,1,0,0,1,0,"['WHITE MEAT', 'PIZZA', 'BURGER']"
0,14573,Male,Bosnia,19,1,0,0,1,0,0,1,0,0,1,0,"['WHITE MEAT', 'RED MEAT', 'PIZZA', 'BURGER']"
0,14573,Male,Bosnia,19,1,0,0,1,0,0,1,0,0,1,0,"['WHITE MEAT', 'RED MEAT', 'PIZZA', 'BURGER']"
0,14573,Male,Bosnia,19,1,0,0,1,0,0,1,0,0,1,0,"['WHITE MEAT', 'RED MEAT', 'PIZZA', 'BURGER']"
0,14573,Male,Bosnia,19,1,0,0,1,0,0,1,0,0,1,0,"['WHITE MEAT', 'RED MEAT', 'PIZZA', 'BURGER']"
0,14574,Female,Bosnia,19,0,0,0,1,0,0,0,0,0,0,0,"['PIZZA', 'PASTA']"
0,14574,Female,Bosnia,19,0,0,0,1,0,0,0,0,0,0,0,"['PIZZA', 'PASTA']"
0,15001,Male,Peru,34,0,0,0,0,0,0,0,1,0,0,0,"['RED MEAT', 'PASTA']"
0,15001,Male,Peru,34,0,0,0,0,0,0,0,1,0,0,0,"['RED MEAT', 'PASTA']"
0,15002,Female,Kuwait,34,0,0,1,0,0,0,0,1,0,0,0,"['RED MEAT', 'PASTA']"
0,15002,Female,Kuwait,34,0,0,1,0,0,0,0,1,0,0,0,"['RED MEAT', 'PASTA']"
0,15001,Female,Kyrgyzstan,33,0,0,0,0,0,0,0,0,0,1,0,['PASTA']
0,15002,Male,Italy,26,0,0,0,0,0,0,0,0,0,0,1,['BURGER']
0,15001,Female,Italy,25,0,0,0,0,0,0,0,0,0,1,0,['PASTA']
0,15002,Male,Lebanon,34,0,0,0,0,0,0,0,0,0,0,1,['SALAD']
0,16001,Female,Italy,34,0,0,0,0,0,0,0,0,0,1,0,['PASTA']
0,16002,Male,Kuwait,43,0,0,0,0,1,0,0,0,0,0,0,['BURGER']
0,14619,Male,Italy,25,1,0,0,0,0,0,0,0,0,0,0,['PASTA']
0,14620,Male,Lebanon,31,0,0,0,0,0,0,0,0,0,0,1,['BURGER']
0,14637,Male,Kenya,33,1,0,0,0,0,0,0,0,0,0,0,['PASTA']
0,14636,Male,Kuwait,32,0,0,0,0,1,0,0,0,0,0,0,['BURGER']
0,14720,Male,Iran,33,1,0,0,1,1,0,1,1,1,1,0,"['RED MEAT', 'PASTA']"
0,14720,Male,Iran,33,1,0,0,1,1,0,1,1,1,1,0,"['RED MEAT', 'PASTA']"
0,14805,Female,Bosnia,20,0,0,0,1,0,0,0,0,0,0,0,['PIZZA']
0,14809,Male,Iran,33,1,0,0,1,1,0,1,1,1,1,0,"['RED MEAT', 'PASTA']"
0,14809,Male,Iran,33,1,0,0,1,1,0,1,1,1,1,0,"['RED MEAT', 'PASTA']"
0,14808,Female,Bosnia,20,1,1,1,1,1,1,1,1,1,1,1,"['WHITE MEAT', 'FISH', 'RED MEAT', 'SOUP', 'RICE', 'SALAD']"
0,14808,Female,Bosnia,20,1,1,1,1,1,1,1,1,1,1,1,"['WHITE MEAT', 'FISH', 'RED MEAT', 'SOUP', 'RICE', 'SALAD']"
0,14808,Female,Bosnia,20,1,1,1,1,1,1,1,1,1,1,1,"['WHITE MEAT', 'FISH', 'RED MEAT', 'SOUP', 'RICE', 'SALAD']"
0,14808,Female,Bosnia,20,1,1,1,1,1,1,1,1,1,1,1,"['WHITE MEAT', 'FISH', 'RED MEAT', 'SOUP', 'RICE', 'SALAD']"
0,14808,Female,Bosnia,20,1,1,1,1,1,1,1,1,1,1,1,"['WHITE MEAT', 'FISH', 'RED MEAT', 'SOUP', 'RICE', 'SALAD']"
0,14808,Female,Bosnia,20,1,1,1,1,1,1,1,1,1,1,1,"['WHITE MEAT', 'FISH', 'RED MEAT', 'SOUP', 'RICE', 'SALAD']"
0,14812,Female,Bosnia,19,1,0,0,0,0,0,0,0,0,1,0,"['PIZZA', 'CHINESE NOODLE']"
0,14812,Female,Bosnia,19,1,0,0,0,0,0,0,0,0,1,0,"['PIZZA', 'CHINESE NOODLE']"
0,14814,Female,Bosnia,19,1,1,0,1,0,0,0,0,0,1,0,"['WHITE MEAT', 'RED MEAT', 'SOUP', 'CHINESE NOODLE', 'SALAD', 'PASTA']"
0,14814,Female,Bosnia,19,1,1,0,1,0,0,0,0,0,1,0,"['WHITE MEAT', 'RED MEAT', 'SOUP', 'CHINESE NOODLE', 'SALAD', 'PASTA']"
0,14814,Female,Bosnia,19,1,1,0,1,0,0,0,0,0,1,0,"['WHITE MEAT', 'RED MEAT', 'SOUP', 'CHINESE NOODLE', 'SALAD', 'PASTA']"
0,14814,Female,Bosnia,19,1,1,0,1,0,0,0,0,0,1,0,"['WHITE MEAT', 'RED MEAT', 'SOUP', 'CHINESE NOODLE', 'SALAD', 'PASTA']"
0,14814,Female,Bosnia,19,1,1,0,1,0,0,0,0,0,1,0,"['WHITE MEAT', 'RED MEAT', 'SOUP', 'CHINESE NOODLE', 'SALAD', 'PASTA']"
0,14814,Female,Bosnia,19,1,1,0,1,0,0,0,0,0,1,0,"['WHITE MEAT', 'RED MEAT', 'SOUP', 'CHINESE NOODLE', 'SALAD', 'PASTA']"
0,14700,Female,Bosnia,19,1,1,0,1,0,0,0,0,0,1,0,"['WHITE MEAT', 'FISH', 'RED MEAT', 'PIZZA', 'CHINESE NOODLE', 'SALAD', 'PASTA']"
0,14700,Female,Bosnia,19,1,1,0,1,0,0,0,0,0,1,0,"['WHITE MEAT', 'FISH', 'RED MEAT', 'PIZZA', 'CHINESE NOODLE', 'SALAD', 'PASTA']"
0,14700,Female,Bosnia,19,1,1,0,1,0,0,0,0,0,1,0,"['WHITE MEAT', 'FISH', 'RED MEAT', 'PIZZA', 'CHINESE NOODLE', 'SALAD', 'PASTA']"
0,14700,Female,Bosnia,19,1,1,0,1,0,0,0,0,0,1,0,"['WHITE MEAT', 'FISH', 'RED MEAT', 'PIZZA', 'CHINESE NOODLE', 'SALAD', 'PASTA']"
0,14700,Female,Bosnia,19,1,1,0,1,0,0,0,0,0,1,0,"['WHITE MEAT', 'FISH', 'RED MEAT', 'PIZZA', 'CHINESE NOODLE', 'SALAD', 'PASTA']"
0,14700,Female,Bosnia,19,1,1,0,1,0,0,0,0,0,1,0,"['WHITE MEAT', 'FISH', 'RED MEAT', 'PIZZA', 'CHINESE NOODLE', 'SALAD', 'PASTA']"
0,14700,Female,Bosnia,19,1,1,0,1,0,0,0,0,0,1,0,"['WHITE MEAT', 'FISH', 'RED MEAT', 'PIZZA', 'CHINESE NOODLE', 'SALAD', 'PASTA']"
0,14762,Female,Bosnia,19,1,1,1,1,0,0,0,0,0,1,0,"['WHITE MEAT', 'RED MEAT', 'PIZZA', 'CHINESE NOODLE', 'PASTA']"
0,14762,Female,Bosnia,19,1,1,1,1,0,0,0,0,0,1,0,"['WHITE MEAT', 'RED MEAT', 'PIZZA', 'CHINESE NOODLE', 'PASTA']"
0,14762,Female,Bosnia,19,1,1,1,1,0,0,0,0,0,1,0,"['WHITE MEAT', 'RED MEAT', 'PIZZA', 'CHINESE NOODLE', 'PASTA']"
0,14762,Female,Bosnia,19,1,1,1,1,0,0,0,0,0,1,0,"['WHITE MEAT', 'RED MEAT', 'PIZZA', 'CHINESE NOODLE', 'PASTA']"
0,14762,Female,Bosnia,19,1,1,1,1,0,0,0,0,0,1,0,"['WHITE MEAT', 'RED MEAT', 'PIZZA', 'CHINESE NOODLE', 'PASTA']"
0,14869,Male,Bosnia,19,0,0,0,1,1,0,1,0,0,1,0,"['WHITE MEAT', 'RED MEAT', 'PIZZA', 'BURGER']"
0,14869,Male,Bosnia,19,0,0,0,1,1,0,1,0,0,1,0,"['WHITE MEAT', 'RED MEAT', 'PIZZA', 'BURGER']"
0,14869,Male,Bosnia,19,0,0,0,1,1,0,1,0,0,1,0,"['WHITE MEAT', 'RED MEAT', 'PIZZA', 'BURGER']"
0,14869,Male,Bosnia,19,0,0,0,1,1,0,1,0,0,1,0,"['WHITE MEAT', 'RED MEAT', 'PIZZA', 'BURGER']"
0,14639,Male,Bosnia,20,0,0,1,1,0,0,1,0,0,0,0,"['PIZZA', 'PASTA']"
0,14639,Male,Bosnia,20,0,0,1,1,0,0,1,0,0,0,0,"['PIZZA', 'PASTA']"
0,14644,Female,Bosnia,20,1,1,1,1,1,1,1,1,1,1,1,"['WHITE MEAT', 'FISH', 'RED MEAT', 'RICE', 'SALAD']"
0,14644,Female,Bosnia,20,1,1,1,1,1,1,1,1,1,1,1,"['WHITE MEAT', 'FISH', 'RED MEAT', 'RICE', 'SALAD']"
0,14644,Female,Bosnia,20,1,1,1,1,1,1,1,1,1,1,1,"['WHITE MEAT', 'FISH', 'RED MEAT', 'RICE', 'SALAD']"
0,14644,Female,Bosnia,20,1,1,1,1,1,1,1,1,1,1,1,"['WHITE MEAT', 'FISH', 'RED MEAT', 'RICE', 'SALAD']"
0,14644,Female,Bosnia,20,1,1,1,1,1,1,1,1,1,1,1,"['WHITE MEAT', 'FISH', 'RED MEAT', 'RICE', 'SALAD']"
0,14645,Female,Bosnia,20,0,1,1,1,0,0,0,0,0,0,0,"['PIZZA', 'CHINESE NOODLE']"
0,14645,Female,Bosnia,20,0,1,1,1,0,0,0,0,0,0,0,"['PIZZA', 'CHINESE NOODLE']"
0,14745,Male,Germany,20,0,0,0,1,0,0,0,0,0,1,0,"['WHITE MEAT', 'BURGER']"
0,14745,Male,Germany,20,0,0,0,1,0,0,0,0,0,1,0,"['WHITE MEAT', 'BURGER']"
0,14728,Male,Bosnia,20,0,0,1,1,0,0,1,0,0,1,0,"['PIZZA', 'PASTA']"
0,14728,Male,Bosnia,20,0,0,1,1,0,0,1,0,0,1,0,"['PIZZA', 'PASTA']"
0,14791,Female,Bosnia,20,0,0,1,1,0,0,0,0,0,0,0,"['PIZZA', 'BURGER']"
0,14791,Female,Bosnia,20,0,0,1,1,0,0,0,0,0,0,0,"['PIZZA', 'BURGER']"
0,14730,Male,Bosnia,21,0,0,0,1,1,0,0,0,0,0,0,"['RED MEAT', 'BURGER']"
0,14730,Male,Bosnia,21,0,0,0,1,1,0,0,0,0,0,0,"['RED MEAT', 'BURGER']"
0,14640,Female,Bosnia,19,1,0,0,0,0,0,0,0,0,1,0,"['PIZZA', 'CHINESE NOODLE']"
0,14640,Female,Bosnia,19,1,0,0,0,0,0,0,0,0,1,0,"['PIZZA', 'CHINESE NOODLE']"
0,14792,Female,Bosnia,20,1,1,1,1,1,1,1,1,1,1,1,"['WHITE MEAT', 'FISH', 'RED MEAT', 'RICE', 'SALAD']"
0,14792,Female,Bosnia,20,1,1,1,1,1,1,1,1,1,1,1,"['WHITE MEAT', 'FISH', 'RED MEAT', 'RICE', 'SALAD']"
0,14792,Female,Bosnia,20,1,1,1,1,1,1,1,1,1,1,1,"['WHITE MEAT', 'FISH', 'RED MEAT', 'RICE', 'SALAD']"
0,14792,Female,Bosnia,20,1,1,1,1,1,1,1,1,1,1,1,"['WHITE MEAT', 'FISH', 'RED MEAT', 'RICE', 'SALAD']"
0,14792,Female,Bosnia,20,1,1,1,1,1,1,1,1,1,1,1,"['WHITE MEAT', 'FISH', 'RED MEAT', 'RICE', 'SALAD']"
0,14750,Male,Bosnia,19,0,0,0,1,1,0,1,0,0,1,0,"['WHITE MEAT', 'RED MEAT', 'PIZZA', 'BURGER']"
0,14750,Male,Bosnia,19,0,0,0,1,1,0,1,0,0,1,0,"['WHITE MEAT', 'RED MEAT', 'PIZZA', 'BURGER']"
0,14750,Male,Bosnia,19,0,0,0,1,1,0,1,0,0,1,0,"['WHITE MEAT', 'RED MEAT', 'PIZZA', 'BURGER']"
0,14750,Male,Bosnia,19,0,0,0,1,1,0,1,0,0,1,0,"['WHITE MEAT', 'RED MEAT', 'PIZZA', 'BURGER']"
0,14656,Male,Bosnia,21,1,0,0,0,0,1,0,0,0,0,0,"['WHITE MEAT', 'PIZZA', 'BURGER']"
0,14656,Male,Bosnia,21,1,0,0,0,0,1,0,0,0,0,0,"['WHITE MEAT', 'PIZZA', 'BURGER']"
0,14656,Male,Bosnia,21,1,0,0,0,0,1,0,0,0,0,0,"['WHITE MEAT', 'PIZZA', 'BURGER']"
0,14698,Female,Bosnia,20,0,0,0,0,0,0,0,0,1,1,0,"['FISH', 'RED MEAT']"
0,14698,Female,Bosnia,20,0,0,0,0,0,0,0,0,1,1,0,"['FISH', 'RED MEAT']"
0,14729,Female,Bosnia,19,1,0,0,0,0,0,0,0,0,1,0,"['PIZZA', 'CHINESE NOODLE']"
0,14729,Female,Bosnia,19,1,0,0,0,0,0,0,0,0,1,0,"['PIZZA', 'CHINESE NOODLE']"
0,14681,Male,Bosnia,19,0,0,0,1,1,0,1,0,0,1,0,"['WHITE MEAT', 'RED MEAT', 'PIZZA', 'BURGER']"
0,14681,Male,Bosnia,19,0,0,0,1,1,0,1,0,0,1,0,"['WHITE MEAT', 'RED MEAT', 'PIZZA', 'BURGER']"
0,14681,Male,Bosnia,19,0,0,0,1,1,0,1,0,0,1,0,"['WHITE MEAT', 'RED MEAT', 'PIZZA', 'BURGER']"
0,14681,Male,Bosnia,19,0,0,0,1,1,0,1,0,0,1,0,"['WHITE MEAT', 'RED MEAT', 'PIZZA', 'BURGER']"
0,14692,Female,Bosnia,19,0,0,0,0,0,0,0,0,0,1,0,"['PIZZA', 'BURGER']"
0,14692,Female,Bosnia,19,0,0,0,0,0,0,0,0,0,1,0,"['PIZZA', 'BURGER']"
0,14923,Male,Bosnia,22,1,0,0,1,0,0,0,0,0,1,0,"['WHITE MEAT', 'RICE']"
0,14923,Male,Bosnia,22,1,0,0,1,0,0,0,0,0,1,0,"['WHITE MEAT', 'RICE']"
0,14670,Female,Bosnia,20,1,0,0,1,0,0,1,0,0,1,0,"['WHITE MEAT', 'SALAD']"
0,14670,Female,Bosnia,20,1,0,0,1,0,0,1,0,0,1,0,"['WHITE MEAT', 'SALAD']"
0,14906,Male,Bosnia,22,1,0,0,1,0,0,0,0,0,1,0,"['SOUP', 'PIZZA']"
0,14906,Male,Bosnia,22,1,0,0,1,0,0,0,0,0,1,0,"['SOUP', 'PIZZA']"
0,14932,Male,Bosnia,19,0,1,0,1,0,0,0,0,0,1,0,"['WHITE MEAT', 'PIZZA', 'RICE', 'BURGER']"
0,14932,Male,Bosnia,19,0,1,0,1,0,0,0,0,0,1,0,"['WHITE MEAT', 'PIZZA', 'RICE', 'BURGER']"
0,14932,Male,Bosnia,19,0,1,0,1,0,0,0,0,0,1,0,"['WHITE MEAT', 'PIZZA', 'RICE', 'BURGER']"
0,14932,Male,Bosnia,19,0,1,0,1,0,0,0,0,0,1,0,"['WHITE MEAT', 'PIZZA', 'RICE', 'BURGER']"
0,14643,Male,Bosnia,20,0,0,0,1,0,0,0,0,0,0,0,"['PIZZA', 'PASTA']"
0,14643,Male,Bosnia,20,0,0,0,1,0,0,0,0,0,0,0,"['PIZZA', 'PASTA']"
0,14905,Male,Bosnia,19,0,1,1,1,0,0,1,0,0,0,0,"['WHITE MEAT', 'PIZZA', 'RICE', 'BURGER', 'PASTA']"
0,14905,Male,Bosnia,19,0,1,1,1,0,0,1,0,0,0,0,"['WHITE MEAT', 'PIZZA', 'RICE', 'BURGER', 'PASTA']"
0,14905,Male,Bosnia,19,0,1,1,1,0,0,1,0,0,0,0,"['WHITE MEAT', 'PIZZA', 'RICE', 'BURGER', 'PASTA']"
0,14905,Male,Bosnia,19,0,1,1,1,0,0,1,0,0,0,0,"['WHITE MEAT', 'PIZZA', 'RICE', 'BURGER', 'PASTA']"
0,14905,Male,Bosnia,19,0,1,1,1,0,0,1,0,0,0,0,"['WHITE MEAT', 'PIZZA', 'RICE', 'BURGER', 'PASTA']"
0,14659,Female,Bosnia,20,0,0,0,1,0,0,0,0,0,1,0,"['PIZZA', 'PASTA']"
0,14659,Female,Bosnia,20,0,0,0,1,0,0,0,0,0,1,0,"['PIZZA', 'PASTA']"
0,14710,Female,Bosnia,19,0,0,0,1,0,0,0,0,0,1,0,"['PIZZA', 'PASTA']"
0,14710,Female,Bosnia,19,0,0,0,1,0,0,0,0,0,1,0,"['PIZZA', 'PASTA']"
0,14769,Male,Italy,20,0,0,0,1,0,0,0,0,0,0,0,"['PIZZA', 'PASTA']"
0,14769,Male,Italy,20,0,0,0,1,0,0,0,0,0,0,0,"['PIZZA', 'PASTA']"
0,14657,Male,Bosnia,20,0,0,0,1,1,0,0,0,0,1,0,"['RED MEAT', 'PASTA']"
0,14657,Male,Bosnia,20,0,0,0,1,1,0,0,0,0,1,0,"['RED MEAT', 'PASTA']"
0,14707,Female,Bosnia,20,0,0,0,1,0,0,0,0,0,0,0,"['PIZZA', 'PASTA']"
0,14707,Female,Bosnia,20,0,0,0,1,0,0,0,0,0,0,0,"['PIZZA', 'PASTA']"
0,14782,Female,Bosnia,20,0,0,0,1,0,0,0,0,0,0,0,"['PIZZA', 'PASTA']"
0,14782,Female,Bosnia,20,0,0,0,1,0,0,0,0,0,0,0,"['PIZZA', 'PASTA']"
0,14770,Female,Bosnia,20,0,0,0,0,0,1,1,0,0,1,0,"['SALAD', 'PASTA']"
0,14770,Female,Bosnia,20,0,0,0,0,0,1,1,0,0,1,0,"['SALAD', 'PASTA']"
0,14683,Female,Bosnia,20,0,0,0,1,0,1,1,0,0,1,0,"['SALAD', 'PASTA']"
0,14683,Female,Bosnia,20,0,0,0,1,0,1,1,0,0,1,0,"['SALAD', 'PASTA']"
0,14772,Female,Bosnia,19,0,0,0,1,0,0,0,0,0,1,0,"['WHITE MEAT', 'PASTA']"
0,14772,Female,Bosnia,19,0,0,0,1,0,0,0,0,0,1,0,"['WHITE MEAT', 'PASTA']"
0,14684,Female,Bosnia,19,0,0,0,1,0,0,0,0,0,1,0,"['PIZZA', 'BURGER']"
0,14684,Female,Bosnia,19,0,0,0,1,0,0,0,0,0,1,0,"['PIZZA', 'BURGER']"
0,14682,Female,Bosnia,19,0,0,0,1,0,0,0,0,0,1,0,"['WHITE MEAT', 'PIZZA']"
0,14682,Female,Bosnia,19,0,0,0,1,0,0,0,0,0,1,0,"['WHITE MEAT', 'PIZZA']"
0,14734,Female,Bosnia,19,0,0,0,0,0,0,0,0,0,1,0,"['RED MEAT', 'SOUP', 'PIZZA', 'RICE', 'SALAD', 'PASTA']"
0,14734,Female,Bosnia,19,0,0,0,0,0,0,0,0,0,1,0,"['RED MEAT', 'SOUP', 'PIZZA', 'RICE', 'SALAD', 'PASTA']"
0,14734,Female,Bosnia,19,0,0,0,0,0,0,0,0,0,1,0,"['RED MEAT', 'SOUP', 'PIZZA', 'RICE', 'SALAD', 'PASTA']"
0,14734,Female,Bosnia,19,0,0,0,0,0,0,0,0,0,1,0,"['RED MEAT', 'SOUP', 'PIZZA', 'RICE', 'SALAD', 'PASTA']"
0,14734,Female,Bosnia,19,0,0,0,0,0,0,0,0,0,1,0,"['RED MEAT', 'SOUP', 'PIZZA', 'RICE', 'SALAD', 'PASTA']"
0,14734,Female,Bosnia,19,0,0,0,0,0,0,0,0,0,1,0,"['RED MEAT', 'SOUP', 'PIZZA', 'RICE', 'SALAD', 'PASTA']"
0,14743,Female,Bosnia,18,0,0,1,0,0,0,0,0,0,1,0,"['WHITE MEAT', 'RED MEAT']"
0,14743,Female,Bosnia,18,0,0,1,0,0,0,0,0,0,1,0,"['WHITE MEAT', 'RED MEAT']"
0,14773,Female,Bosnia,20,0,0,0,1,0,0,0,0,0,1,0,"['WHITE MEAT', 'PIZZA', 'SALAD', 'PASTA']"
0,14773,Female,Bosnia,20,0,0,0,1,0,0,0,0,0,1,0,"['WHITE MEAT', 'PIZZA', 'SALAD', 'PASTA']"
0,14773,Female,Bosnia,20,0,0,0,1,0,0,0,0,0,1,0,"['WHITE MEAT', 'PIZZA', 'SALAD', 'PASTA']"
0,14773,Female,Bosnia,20,0,0,0,1,0,0,0,0,0,1,0,"['WHITE MEAT', 'PIZZA', 'SALAD', 'PASTA']"
0,14695,Male,Bosnia,20,0,0,0,0,0,0,0,0,0,1,0,"['RED MEAT', 'BURGER']"
0,14695,Male,Bosnia,20,0,0,0,0,0,0,0,0,0,1,0,"['RED MEAT', 'BURGER']"
0,14702,Female,Bosnia,19,0,0,0,0,0,0,0,0,0,1,0,"['RED MEAT', 'PIZZA', 'RICE', 'SALAD', 'PASTA']"
0,14702,Female,Bosnia,19,0,0,0,0,0,0,0,0,0,1,0,"['RED MEAT', 'PIZZA', 'RICE', 'SALAD', 'PASTA']"
0,14702,Female,Bosnia,19,0,0,0,0,0,0,0,0,0,1,0,"['RED MEAT', 'PIZZA', 'RICE', 'SALAD', 'PASTA']"
0,14702,Female,Bosnia,19,0,0,0,0,0,0,0,0,0,1,0,"['RED MEAT', 'PIZZA', 'RICE', 'SALAD', 'PASTA']"
0,14702,Female,Bosnia,19,0,0,0,0,0,0,0,0,0,1,0,"['RED MEAT', 'PIZZA', 'RICE', 'SALAD', 'PASTA']"
0,14701,Female,Bosnia,20,0,0,0,1,0,0,0,0,0,1,0,"['WHITE MEAT', 'PIZZA', 'SALAD', 'PASTA']"
0,14701,Female,Bosnia,20,0,0,0,1,0,0,0,0,0,1,0,"['WHITE MEAT', 'PIZZA', 'SALAD', 'PASTA']"
0,14701,Female,Bosnia,20,0,0,0,1,0,0,0,0,0,1,0,"['WHITE MEAT', 'PIZZA', 'SALAD', 'PASTA']"
0,14701,Female,Bosnia,20,0,0,0,1,0,0,0,0,0,1,0,"['WHITE MEAT', 'PIZZA', 'SALAD', 'PASTA']"
0,14703,Female,Bosnia,20,0,0,0,1,0,0,1,0,0,0,0,"['PIZZA', 'PASTA']"
0,14703,Female,Bosnia,20,0,0,0,1,0,0,1,0,0,0,0,"['PIZZA', 'PASTA']"
0,14688,Male,Italy,19,0,0,1,1,0,0,0,0,0,0,0,"['PIZZA', 'BURGER']"
0,14688,Male,Italy,19,0,0,1,1,0,0,0,0,0,0,0,"['PIZZA', 'BURGER']"
0,14751,Male,Germany,18,0,0,0,1,1,0,0,0,0,0,0,"['RED MEAT', 'PASTA']"
0,14751,Male,Germany,18,0,0,0,1,1,0,0,0,0,0,0,"['RED MEAT', 'PASTA']"
0,14756,Female,Serbia,23,0,0,1,0,0,1,0,0,0,0,0,"['WHITE MEAT', 'RICE']"
0,14756,Female,Serbia,23,0,0,1,0,0,1,0,0,0,0,0,"['WHITE MEAT', 'RICE']"
0,14709,Female,Bosnia,25,0,0,0,1,0,0,0,0,0,0,0,"['WHITE MEAT', 'PIZZA', 'PASTA']"
0,14709,Female,Bosnia,25,0,0,0,1,0,0,0,0,0,0,0,"['WHITE MEAT', 'PIZZA', 'PASTA']"
0,14709,Female,Bosnia,25,0,0,0,1,0,0,0,0,0,0,0,"['WHITE MEAT', 'PIZZA', 'PASTA']"
0,14708,Male,Bosnia,20,0,0,0,1,0,0,0,0,0,0,0,"['RICE', 'PASTA']"
0,14708,Male,Bosnia,20,0,0,0,1,0,0,0,0,0,0,0,"['RICE', 'PASTA']"
0,14648,Male,Bosnia,20,0,0,0,1,0,0,0,0,0,0,0,"['RED MEAT', 'PIZZA']"
0,14648,Male,Bosnia,20,0,0,0,1,0,0,0,0,0,0,0,"['RED MEAT', 'PIZZA']"
0,14661,Male,Bosnia,20,0,0,0,1,0,0,0,0,0,1,0,"['PIZZA', 'BURGER']"
0,14661,Male,Bosnia,20,0,0,0,1,0,0,0,0,0,1,0,"['PIZZA', 'BURGER']"
0,14763,Female,Bosnia,19,1,0,0,1,0,0,0,0,0,1,0,"['RED MEAT', 'PASTA']"
0,14763,Female,Bosnia,19,1,0,0,1,0,0,0,0,0,1,0,"['RED MEAT', 'PASTA']"
0,14775,Male,Bosnia,20,0,0,0,0,1,0,0,0,0,0,0,"['PIZZA', 'BURGER']"
0,14775,Male,Bosnia,20,0,0,0,0,1,0,0,0,0,0,0,"['PIZZA', 'BURGER']"
0,14675,Male,Bosnia,19,1,0,0,1,0,0,1,0,0,1,0,"['FISH', 'RED MEAT', 'SALAD']"
0,14675,Male,Bosnia,19,1,0,0,1,0,0,1,0,0,1,0,"['FISH', 'RED MEAT', 'SALAD']"
0,14675,Male,Bosnia,19,1,0,0,1,0,0,1,0,0,1,0,"['FISH', 'RED MEAT', 'SALAD']"
0,14793,Female,Bosnia,19,0,0,0,1,0,0,0,0,0,0,0,"['RED MEAT', 'SALAD']"
0,14793,Female,Bosnia,19,0,0,0,1,0,0,0,0,0,0,0,"['RED MEAT', 'SALAD']"
0,14755,Male,Bosnia,20,0,0,1,1,0,0,0,0,0,0,0,"['RICE', 'PASTA']"
0,14755,Male,Bosnia,20,0,0,1,1,0,0,0,0,0,0,0,"['RICE', 'PASTA']"
0,14754,Female,Austria,27,1,0,0,1,0,0,0,0,0,0,0,"['WHITE MEAT', 'FISH', 'SALAD']"
0,14754,Female,Austria,27,1,0,0,1,0,0,0,0,0,0,0,"['WHITE MEAT', 'FISH', 'SALAD']"
0,14754,Female,Austria,27,1,0,0,1,0,0,0,0,0,0,0,"['WHITE MEAT', 'FISH', 'SALAD']"
0,14788,Male,Bosnia,20,0,0,0,0,0,0,0,0,0,1,0,"['PIZZA', 'BURGER']"
0,14788,Male,Bosnia,20,0,0,0,0,0,0,0,0,0,1,0,"['PIZZA', 'BURGER']"
0,14798,Female,Bosnia,19,0,0,1,0,0,0,0,0,0,0,1,"['FISH', 'RICE']"
0,14798,Female,Bosnia,19,0,0,1,0,0,0,0,0,0,0,1,"['FISH', 'RICE']"
0,14718,Male,Bosnia,20,0,0,0,1,0,0,0,0,0,0,0,"['WHITE MEAT', 'FISH', 'PIZZA']"
0,14718,Male,Bosnia,20,0,0,0,1,0,0,0,0,0,0,0,"['WHITE MEAT', 'FISH', 'PIZZA']"
0,14718,Male,Bosnia,20,0,0,0,1,0,0,0,0,0,0,0,"['WHITE MEAT', 'FISH', 'PIZZA']"
0,14907,Female,Bosnia,20,0,0,0,1,0,0,0,0,0,0,0,"['RED MEAT', 'PASTA']"
0,14907,Female,Bosnia,20,0,0,0,1,0,0,0,0,0,0,0,"['RED MEAT', 'PASTA']"
0,14693,Female,Bosnia,19,0,0,0,1,0,0,0,0,0,1,0,"['FISH', 'PIZZA', 'SALAD']"
0,14693,Female,Bosnia,19,0,0,0,1,0,0,0,0,0,1,0,"['FISH', 'PIZZA', 'SALAD']"
0,14693,Female,Bosnia,19,0,0,0,1,0,0,0,0,0,1,0,"['FISH', 'PIZZA', 'SALAD']"
0,14719,Male,Bosnia,22,0,0,0,1,0,1,0,0,0,0,0,['PIZZA']
0,14679,Female,Bosnia,19,0,1,1,1,1,0,0,0,0,1,0,"['RICE', 'CHINESE NOODLE']"
0,14679,Female,Bosnia,19,0,1,1,1,1,0,0,0,0,1,0,"['RICE', 'CHINESE NOODLE']"
0,14668,Male,Bosnia,20,0,0,0,1,0,0,0,0,0,1,0,"['WHITE MEAT', 'BURGER']"
0,14668,Male,Bosnia,20,0,0,0,1,0,0,0,0,0,1,0,"['WHITE MEAT', 'BURGER']"
0,14765,Male,Bosnia,20,0,0,0,1,0,0,0,0,0,0,0,"['WHITE MEAT', 'FISH', 'PIZZA']"
0,14765,Male,Bosnia,20,0,0,0,1,0,0,0,0,0,0,0,"['WHITE MEAT', 'FISH', 'PIZZA']"
0,14765,Male,Bosnia,20,0,0,0,1,0,0,0,0,0,0,0,"['WHITE MEAT', 'FISH', 'PIZZA']"
0,14933,Female,Bosnia,19,1,0,0,0,0,0,0,0,0,0,0,"['SOUP', 'SALAD']"
0,14933,Female,Bosnia,19,1,0,0,0,0,0,0,0,0,0,0,"['SOUP', 'SALAD']"
0,14783,Female,Bosnia,20,0,0,0,1,1,0,0,0,0,1,0,"['WHITE MEAT', 'FISH']"
0,14783,Female,Bosnia,20,0,0,0,1,1,0,0,0,0,1,0,"['WHITE MEAT', 'FISH']"
0,14744,Female,Bosnia,20,0,0,0,1,0,0,0,0,0,1,0,"['RED MEAT', 'SALAD']"
0,14744,Female,Bosnia,20,0,0,0,1,0,0,0,0,0,1,0,"['RED MEAT', 'SALAD']"
0,14796,Female,Bosnia,19,0,0,0,1,1,0,0,0,0,0,0,"['WHITE MEAT', 'FISH', 'SOUP', 'PIZZA', 'RICE', 'PASTA']"
0,14796,Female,Bosnia,19,0,0,0,1,1,0,0,0,0,0,0,"['WHITE MEAT', 'FISH', 'SOUP', 'PIZZA', 'RICE', 'PASTA']"
0,14796,Female,Bosnia,19,0,0,0,1,1,0,0,0,0,0,0,"['WHITE MEAT', 'FISH', 'SOUP', 'PIZZA', 'RICE', 'PASTA']"
0,14796,Female,Bosnia,19,0,0,0,1,1,0,0,0,0,0,0,"['WHITE MEAT', 'FISH', 'SOUP', 'PIZZA', 'RICE', 'PASTA']"
0,14796,Female,Bosnia,19,0,0,0,1,1,0,0,0,0,0,0,"['WHITE MEAT', 'FISH', 'SOUP', 'PIZZA', 'RICE', 'PASTA']"
0,14796,Female,Bosnia,19,0,0,0,1,1,0,0,0,0,0,0,"['WHITE MEAT', 'FISH', 'SOUP', 'PIZZA', 'RICE', 'PASTA']"
0,14777,Male,Bosnia,20,0,0,0,0,0,0,0,0,0,1,0,"['RED MEAT', 'SALAD']"
0,14777,Male,Bosnia,20,0,0,0,0,0,0,0,0,0,1,0,"['RED MEAT', 'SALAD']"
0,14764,Female,Bosnia,19,0,0,0,1,0,0,0,0,0,0,0,"['CHINESE NOODLE', 'PASTA']"
0,14764,Female,Bosnia,19,0,0,0,1,0,0,0,0,0,0,0,"['CHINESE NOODLE', 'PASTA']"
0,14785,Female,Bosnia,20,0,0,0,1,1,0,0,1,0,1,0,"['SALAD', 'PASTA']"
0,14785,Female,Bosnia,20,0,0,0,1,1,0,0,1,0,1,0,"['SALAD', 'PASTA']"
0,14706,Female,Bosnia,19,0,0,0,1,1,0,0,0,0,0,0,"['FISH', 'PASTA']"
0,14706,Female,Bosnia,19,0,0,0,1,1,0,0,0,0,0,0,"['FISH', 'PASTA']"
0,14690,Male,Bosnia,20,0,0,0,0,0,0,0,0,0,1,0,"['RED MEAT', 'SALAD']"
0,14690,Male,Bosnia,20,0,0,0,0,0,0,0,0,0,1,0,"['RED MEAT', 'SALAD']"
0,14689,Female,Bosnia,20,1,0,0,1,0,0,0,0,0,1,0,"['WHITE MEAT', 'RED MEAT', 'PIZZA', 'SALAD', 'PASTA']"
0,14689,Female,Bosnia,20,1,0,0,1,0,0,0,0,0,1,0,"['WHITE MEAT', 'RED MEAT', 'PIZZA', 'SALAD', 'PASTA']"
0,14689,Female,Bosnia,20,1,0,0,1,0,0,0,0,0,1,0,"['WHITE MEAT', 'RED MEAT', 'PIZZA', 'SALAD', 'PASTA']"
0,14689,Female,Bosnia,20,1,0,0,1,0,0,0,0,0,1,0,"['WHITE MEAT', 'RED MEAT', 'PIZZA', 'SALAD', 'PASTA']"
0,14689,Female,Bosnia,20,1,0,0,1,0,0,0,0,0,1,0,"['WHITE MEAT', 'RED MEAT', 'PIZZA', 'SALAD', 'PASTA']"
0,14715,Male,Bosnia,20,0,0,0,1,0,0,0,0,0,1,0,"['RED MEAT', 'PIZZA']"
0,14715,Male,Bosnia,20,0,0,0,1,0,0,0,0,0,1,0,"['RED MEAT', 'PIZZA']"
0,14789,Male,Bosnia,20,0,0,0,1,1,0,0,0,0,1,0,"['RED MEAT', 'BURGER']"
0,14789,Male,Bosnia,20,0,0,0,1,1,0,0,0,0,1,0,"['RED MEAT', 'BURGER']"
0,14677,Male,Bosnia,20,0,0,0,0,1,0,0,0,1,1,0,"['WHITE MEAT', 'FISH', 'RED MEAT', 'BURGER']"
0,14677,Male,Bosnia,20,0,0,0,0,1,0,0,0,1,1,0,"['WHITE MEAT', 'FISH', 'RED MEAT', 'BURGER']"
0,14677,Male,Bosnia,20,0,0,0,0,1,0,0,0,1,1,0,"['WHITE MEAT', 'FISH', 'RED MEAT', 'BURGER']"
0,14677,Male,Bosnia,20,0,0,0,0,1,0,0,0,1,1,0,"['WHITE MEAT', 'FISH', 'RED MEAT', 'BURGER']"
0,14678,Female,Bosnia,19,0,1,0,1,0,0,0,0,0,1,0,"['WHITE MEAT', 'RED MEAT', 'SOUP', 'PIZZA', 'RICE', 'CHINESE NOODLE', 'SALAD', 'BURGER', 'PASTA']"
0,14678,Female,Bosnia,19,0,1,0,1,0,0,0,0,0,1,0,"['WHITE MEAT', 'RED MEAT', 'SOUP', 'PIZZA', 'RICE', 'CHINESE NOODLE', 'SALAD', 'BURGER', 'PASTA']"
0,14678,Female,Bosnia,19,0,1,0,1,0,0,0,0,0,1,0,"['WHITE MEAT', 'RED MEAT', 'SOUP', 'PIZZA', 'RICE', 'CHINESE NOODLE', 'SALAD', 'BURGER', 'PASTA']"
0,14678,Female,Bosnia,19,0,1,0,1,0,0,0,0,0,1,0,"['WHITE MEAT', 'RED MEAT', 'SOUP', 'PIZZA', 'RICE', 'CHINESE NOODLE', 'SALAD', 'BURGER', 'PASTA']"
0,14678,Female,Bosnia,19,0,1,0,1,0,0,0,0,0,1,0,"['WHITE MEAT', 'RED MEAT', 'SOUP', 'PIZZA', 'RICE', 'CHINESE NOODLE', 'SALAD', 'BURGER', 'PASTA']"
0,14678,Female,Bosnia,19,0,1,0,1,0,0,0,0,0,1,0,"['WHITE MEAT', 'RED MEAT', 'SOUP', 'PIZZA', 'RICE', 'CHINESE NOODLE', 'SALAD', 'BURGER', 'PASTA']"
0,14678,Female,Bosnia,19,0,1,0,1,0,0,0,0,0,1,0,"['WHITE MEAT', 'RED MEAT', 'SOUP', 'PIZZA', 'RICE', 'CHINESE NOODLE', 'SALAD', 'BURGER', 'PASTA']"
0,14678,Female,Bosnia,19,0,1,0,1,0,0,0,0,0,1,0,"['WHITE MEAT', 'RED MEAT', 'SOUP', 'PIZZA', 'RICE', 'CHINESE NOODLE', 'SALAD', 'BURGER', 'PASTA']"
0,14678,Female,Bosnia,19,0,1,0,1,0,0,0,0,0,1,0,"['WHITE MEAT', 'RED MEAT', 'SOUP', 'PIZZA', 'RICE', 'CHINESE NOODLE', 'SALAD', 'BURGER', 'PASTA']"
0,14660,Female,Bosnia,20,0,0,0,1,0,0,0,0,0,1,0,"['RED MEAT', 'SALAD']"
0,14660,Female,Bosnia,20,0,0,0,1,0,0,0,0,0,1,0,"['RED MEAT', 'SALAD']"
0,14786,Female,Bosnia,19,0,1,1,1,1,0,0,0,0,1,0,"['RICE', 'CHINESE NOODLE']"
0,14786,Female,Bosnia,19,0,1,1,1,1,0,0,0,0,1,0,"['RICE', 'CHINESE NOODLE']"
0,14654,Female,Bosnia,20,0,0,0,1,1,0,0,0,0,1,0,"['FISH', 'BURGER']"
0,14654,Female,Bosnia,20,0,0,0,1,1,0,0,0,0,1,0,"['FISH', 'BURGER']"
0,14691,Male,Bosnia,20,0,0,0,1,0,0,0,0,0,0,0,"['WHITE MEAT', 'PIZZA']"
0,14691,Male,Bosnia,20,0,0,0,1,0,0,0,0,0,0,0,"['WHITE MEAT', 'PIZZA']"
0,14786,Female,Bosnia,19,0,1,1,1,1,0,0,0,0,1,0,"['RICE', 'CHINESE NOODLE']"
0,14786,Female,Bosnia,19,0,1,1,1,1,0,0,0,0,1,0,"['RICE', 'CHINESE NOODLE']"
0,14742,Male,Bosnia,20,0,1,0,0,0,0,0,0,0,1,0,"['RED MEAT', 'PASTA']"
0,14742,Male,Bosnia,20,0,1,0,0,0,0,0,0,0,1,0,"['RED MEAT', 'PASTA']"
0,14803,Female,Bosnia,20,0,0,0,1,0,0,0,0,0,1,0,"['WHITE MEAT', 'PASTA']"
0,14803,Female,Bosnia,20,0,0,0,1,0,0,0,0,0,1,0,"['WHITE MEAT', 'PASTA']"
0,14776,Female,Bosnia,19,0,1,0,1,0,0,0,0,0,1,0,"['WHITE MEAT', 'RED MEAT', 'SOUP', 'PIZZA', 'RICE', 'CHINESE NOODLE', 'SALAD', 'BURGER', 'PASTA']"
0,14776,Female,Bosnia,19,0,1,0,1,0,0,0,0,0,1,0,"['WHITE MEAT', 'RED MEAT', 'SOUP', 'PIZZA', 'RICE', 'CHINESE NOODLE', 'SALAD', 'BURGER', 'PASTA']"
0,14776,Female,Bosnia,19,0,1,0,1,0,0,0,0,0,1,0,"['WHITE MEAT', 'RED MEAT', 'SOUP', 'PIZZA', 'RICE', 'CHINESE NOODLE', 'SALAD', 'BURGER', 'PASTA']"
0,14776,Female,Bosnia,19,0,1,0,1,0,0,0,0,0,1,0,"['WHITE MEAT', 'RED MEAT', 'SOUP', 'PIZZA', 'RICE', 'CHINESE NOODLE', 'SALAD', 'BURGER', 'PASTA']"
0,14776,Female,Bosnia,19,0,1,0,1,0,0,0,0,0,1,0,"['WHITE MEAT', 'RED MEAT', 'SOUP', 'PIZZA', 'RICE', 'CHINESE NOODLE', 'SALAD', 'BURGER', 'PASTA']"
0,14776,Female,Bosnia,19,0,1,0,1,0,0,0,0,0,1,0,"['WHITE MEAT', 'RED MEAT', 'SOUP', 'PIZZA', 'RICE', 'CHINESE NOODLE', 'SALAD', 'BURGER', 'PASTA']"
0,14776,Female,Bosnia,19,0,1,0,1,0,0,0,0,0,1,0,"['WHITE MEAT', 'RED MEAT', 'SOUP', 'PIZZA', 'RICE', 'CHINESE NOODLE', 'SALAD', 'BURGER', 'PASTA']"
0,14776,Female,Bosnia,19,0,1,0,1,0,0,0,0,0,1,0,"['WHITE MEAT', 'RED MEAT', 'SOUP', 'PIZZA', 'RICE', 'CHINESE NOODLE', 'SALAD', 'BURGER', 'PASTA']"
0,14776,Female,Bosnia,19,0,1,0,1,0,0,0,0,0,1,0,"['WHITE MEAT', 'RED MEAT', 'SOUP', 'PIZZA', 'RICE', 'CHINESE NOODLE', 'SALAD', 'BURGER', 'PASTA']"
0,14696,Male,Bosnia,20,0,1,0,0,0,0,0,0,0,1,0,"['RED MEAT', 'PASTA']"
0,14696,Male,Bosnia,20,0,1,0,0,0,0,0,0,0,1,0,"['RED MEAT', 'PASTA']"
0,14787,Male,Bosnia,20,0,0,0,0,1,0,0,0,1,1,0,"['WHITE MEAT', 'FISH', 'RED MEAT', 'BURGER']"
0,14787,Male,Bosnia,20,0,0,0,0,1,0,0,0,1,1,0,"['WHITE MEAT', 'FISH', 'RED MEAT', 'BURGER']"
0,14787,Male,Bosnia,20,0,0,0,0,1,0,0,0,1,1,0,"['WHITE MEAT', 'FISH', 'RED MEAT', 'BURGER']"
0,14787,Male,Bosnia,20,0,0,0,0,1,0,0,0,1,1,0,"['WHITE MEAT', 'FISH', 'RED MEAT', 'BURGER']"
0,14705,Female,Bosnia,20,0,0,0,1,0,0,0,0,0,0,0,"['PIZZA', 'PASTA']"
0,14705,Female,Bosnia,20,0,0,0,1,0,0,0,0,0,0,0,"['PIZZA', 'PASTA']"
0,14717,Female,Bosnia,19,0,0,0,1,0,0,0,0,0,1,0,"['WHITE MEAT', 'FISH', 'PIZZA', 'PASTA']"
0,14717,Female,Bosnia,19,0,0,0,1,0,0,0,0,0,1,0,"['WHITE MEAT', 'FISH', 'PIZZA', 'PASTA']"
0,14717,Female,Bosnia,19,0,0,0,1,0,0,0,0,0,1,0,"['WHITE MEAT', 'FISH', 'PIZZA', 'PASTA']"
0,14717,Female,Bosnia,19,0,0,0,1,0,0,0,0,0,1,0,"['WHITE MEAT', 'FISH', 'PIZZA', 'PASTA']"
0,14662,Female,Bosnia,20,0,0,0,1,0,0,0,0,0,1,0,"['WHITE MEAT', 'PIZZA']"
0,14662,Female,Bosnia,20,0,0,0,1,0,0,0,0,0,1,0,"['WHITE MEAT', 'PIZZA']"
0,14739,Female,Bosnia,19,0,0,0,1,0,0,0,0,0,0,0,"['PIZZA', 'PASTA']"
0,14739,Female,Bosnia,19,0,0,0,1,0,0,0,0,0,0,0,"['PIZZA', 'PASTA']"
0,14760,Female,Bosnia,19,0,0,0,1,0,0,0,0,0,0,0,"['PIZZA', 'PASTA']"
0,14760,Female,Bosnia,19,0,0,0,1,0,0,0,0,0,0,0,"['PIZZA', 'PASTA']"
0,14795,Female,Bosnia,19,0,0,0,1,0,0,0,0,0,1,0,"['PIZZA', 'BURGER']"
0,14795,Female,Bosnia,19,0,0,0,1,0,0,0,0,0,1,0,"['PIZZA', 'BURGER']"
0,14649,Male,Bosnia,21,0,0,0,1,0,0,0,0,0,1,0,"['RED MEAT', 'PIZZA']"
0,14649,Male,Bosnia,21,0,0,0,1,0,0,0,0,0,1,0,"['RED MEAT', 'PIZZA']"
0,14642,Female,Bosnia,19,0,0,0,1,0,0,0,0,0,0,0,"['PIZZA', 'PASTA']"
0,14642,Female,Bosnia,19,0,0,0,1,0,0,0,0,0,0,0,"['PIZZA', 'PASTA']"
0,14652,Female,Bosnia,19,0,0,0,1,0,0,0,0,0,0,0,"['PIZZA', 'PASTA']"
0,14652,Female,Bosnia,19,0,0,0,1,0,0,0,0,0,0,0,"['PIZZA', 'PASTA']"
0,14753,Female,Bosnia,19,0,0,0,1,0,0,0,0,0,1,0,"['FISH', 'PIZZA', 'SALAD', 'PASTA']"
0,14753,Female,Bosnia,19,0,0,0,1,0,0,0,0,0,1,0,"['FISH', 'PIZZA', 'SALAD', 'PASTA']"
0,14753,Female,Bosnia,19,0,0,0,1,0,0,0,0,0,1,0,"['FISH', 'PIZZA', 'SALAD', 'PASTA']"
0,14753,Female,Bosnia,19,0,0,0,1,0,0,0,0,0,1,0,"['FISH', 'PIZZA', 'SALAD', 'PASTA']"
0,14671,Male,Bosnia,20,0,0,0,1,0,0,0,0,0,0,0,"['FISH', 'PIZZA']"
0,14671,Male,Bosnia,20,0,0,0,1,0,0,0,0,0,0,0,"['FISH', 'PIZZA']"
0,14766,Female,Bosnia,20,1,0,0,1,0,0,0,0,0,1,0,"['BURGER', 'PASTA']"
0,14766,Female,Bosnia,20,1,0,0,1,0,0,0,0,0,1,0,"['BURGER', 'PASTA']"
0,14767,Female,Italy,20,0,1,1,0,0,0,0,0,0,0,0,"['PIZZA', 'CHINESE NOODLE']"
0,14767,Female,Italy,20,0,1,1,0,0,0,0,0,0,0,0,"['PIZZA', 'CHINESE NOODLE']"
0,14673,Female,Bosnia,20,0,0,0,1,0,0,0,0,0,1,0,"['WHITE MEAT', 'PASTA']"
0,14673,Female,Bosnia,20,0,0,0,1,0,0,0,0,0,1,0,"['WHITE MEAT', 'PASTA']"
0,14741,Female,Bosnia,20,0,0,0,1,0,0,0,0,0,0,0,"['PIZZA', 'PASTA']"
0,14741,Female,Bosnia,20,0,0,0,1,0,0,0,0,0,0,0,"['PIZZA', 'PASTA']"
0,14672,Female,Bosnia,19,0,0,0,1,0,0,0,0,0,1,0,"['PIZZA', 'BURGER']"
0,14672,Female,Bosnia,19,0,0,0,1,0,0,0,0,0,1,0,"['PIZZA', 'BURGER']"
0,14801,Male,Finland,23,0,0,0,0,0,0,0,0,0,1,0,"['RED MEAT', 'SOUP']"
0,14801,Male,Finland,23,0,0,0,0,0,0,0,0,0,1,0,"['RED MEAT', 'SOUP']"
0,14768,Female,Bosnia,20,1,0,0,1,1,0,0,0,0,1,0,"['WHITE MEAT', 'RED MEAT', 'PIZZA', 'SALAD', 'PASTA']"
0,14768,Female,Bosnia,20,1,0,0,1,1,0,0,0,0,1,0,"['WHITE MEAT', 'RED MEAT', 'PIZZA', 'SALAD', 'PASTA']"
0,14768,Female,Bosnia,20,1,0,0,1,1,0,0,0,0,1,0,"['WHITE MEAT', 'RED MEAT', 'PIZZA', 'SALAD', 'PASTA']"
0,14768,Female,Bosnia,20,1,0,0,1,1,0,0,0,0,1,0,"['WHITE MEAT', 'RED MEAT', 'PIZZA', 'SALAD', 'PASTA']"
0,14768,Female,Bosnia,20,1,0,0,1,1,0,0,0,0,1,0,"['WHITE MEAT', 'RED MEAT', 'PIZZA', 'SALAD', 'PASTA']"
0,14786,Female,Bosnia,19,0,1,1,1,1,0,0,0,0,1,0,"['RICE', 'CHINESE NOODLE']"
0,14786,Female,Bosnia,19,0,1,1,1,1,0,0,0,0,1,0,"['RICE', 'CHINESE NOODLE']"
0,14713,Female,Bosnia,20,0,0,0,0,0,0,0,0,0,1,0,"['SOUP', 'SALAD', 'PASTA']"
0,14713,Female,Bosnia,20,0,0,0,0,0,0,0,0,0,1,0,"['SOUP', 'SALAD', 'PASTA']"
0,14713,Female,Bosnia,20,0,0,0,0,0,0,0,0,0,1,0,"['SOUP', 'SALAD', 'PASTA']"
0,14771,Female,Bosnia,20,0,0,0,1,0,0,0,0,0,0,0,"['PIZZA', 'PASTA']"
0,14771,Female,Bosnia,20,0,0,0,1,0,0,0,0,0,0,0,"['PIZZA', 'PASTA']"
0,14740,Male,Bosnia,20,0,0,0,0,0,0,0,0,0,1,0,"['WHITE MEAT', 'RED MEAT']"
0,14740,Male,Bosnia,20,0,0,0,0,0,0,0,0,0,1,0,"['WHITE MEAT', 'RED MEAT']"
0,14646,Female,Bosnia,20,0,0,0,0,0,0,0,0,0,1,0,"['RED MEAT', 'SALAD']"
0,14646,Female,Bosnia,20,0,0,0,0,0,0,0,0,0,1,0,"['RED MEAT', 'SALAD']"
0,14920,Male,Bosnia,20,1,0,0,1,0,0,0,0,0,1,0,"['PIZZA', 'PASTA']"
0,14920,Male,Bosnia,20,1,0,0,1,0,0,0,0,0,1,0,"['PIZZA', 'PASTA']"
0,14676,Female,Bosnia,20,0,0,0,1,0,0,0,0,0,0,0,"['WHITE MEAT', 'PASTA']"
0,14676,Female,Bosnia,20,0,0,0,1,0,0,0,0,0,0,0,"['WHITE MEAT', 'PASTA']"
0,14912,Male,Bosnia,21,0,0,0,1,0,0,0,0,0,1,0,"['RED MEAT', 'PIZZA']"
0,14912,Male,Bosnia,21,0,0,0,1,0,0,0,0,0,1,0,"['RED MEAT', 'PIZZA']"
0,14704,Male,Bosnia,21,0,0,0,0,0,0,0,0,0,1,0,"['WHITE MEAT', 'RED MEAT']"
0,14704,Male,Bosnia,21,0,0,0,0,0,0,0,0,0,1,0,"['WHITE MEAT', 'RED MEAT']"
0,14908,Male,Bosnia,19,0,0,0,0,0,0,0,1,0,0,0,"['FISH', 'PIZZA']"
0,14908,Male,Bosnia,19,0,0,0,0,0,0,0,1,0,0,0,"['FISH', 'PIZZA']"
0,14780,Female,Bosnia,20,0,0,0,1,0,0,0,0,0,0,0,"['WHITE MEAT', 'PASTA']"
0,14780,Female,Bosnia,20,0,0,0,1,0,0,0,0,0,0,0,"['WHITE MEAT', 'PASTA']"
0,14804,Male,Bosnia,22,0,0,0,1,0,1,0,0,0,0,0,['PIZZA']
0,14902,Male,Bosnia,20,0,0,0,1,0,0,0,0,0,1,0,"['FISH', 'PIZZA']"
0,14902,Male,Bosnia,20,0,0,0,1,0,0,0,0,0,1,0,"['FISH', 'PIZZA']"
0,14924,Male,Bosnia,19,0,0,0,0,0,0,0,0,0,1,0,"['PIZZA', 'PASTA']"
0,14924,Male,Bosnia,19,0,0,0,0,0,0,0,0,0,1,0,"['PIZZA', 'PASTA']"
0,14779,Female,Bosnia,20,0,0,0,0,0,0,0,0,0,1,0,"['RED MEAT', 'SOUP', 'SALAD', 'BURGER']"
0,14779,Female,Bosnia,20,0,0,0,0,0,0,0,0,0,1,0,"['RED MEAT', 'SOUP', 'SALAD', 'BURGER']"
0,14779,Female,Bosnia,20,0,0,0,0,0,0,0,0,0,1,0,"['RED MEAT', 'SOUP', 'SALAD', 'BURGER']"
0,14779,Female,Bosnia,20,0,0,0,0,0,0,0,0,0,1,0,"['RED MEAT', 'SOUP', 'SALAD', 'BURGER']"
0,14667,Male,Bosnia,21,1,0,0,1,1,0,0,0,0,1,0,"['WHITE MEAT', 'RED MEAT', 'PIZZA', 'BURGER', 'PASTA']"
0,14667,Male,Bosnia,21,1,0,0,1,1,0,0,0,0,1,0,"['WHITE MEAT', 'RED MEAT', 'PIZZA', 'BURGER', 'PASTA']"
0,14667,Male,Bosnia,21,1,0,0,1,1,0,0,0,0,1,0,"['WHITE MEAT', 'RED MEAT', 'PIZZA', 'BURGER', 'PASTA']"
0,14667,Male,Bosnia,21,1,0,0,1,1,0,0,0,0,1,0,"['WHITE MEAT', 'RED MEAT', 'PIZZA', 'BURGER', 'PASTA']"
0,14667,Male,Bosnia,21,1,0,0,1,1,0,0,0,0,1,0,"['WHITE MEAT', 'RED MEAT', 'PIZZA', 'BURGER', 'PASTA']"
0,14759,Male,Bosnia,21,1,0,0,1,1,0,0,0,0,1,0,"['WHITE MEAT', 'RED MEAT', 'PIZZA', 'BURGER', 'PASTA']"
0,14759,Male,Bosnia,21,1,0,0,1,1,0,0,0,0,1,0,"['WHITE MEAT', 'RED MEAT', 'PIZZA', 'BURGER', 'PASTA']"
0,14759,Male,Bosnia,21,1,0,0,1,1,0,0,0,0,1,0,"['WHITE MEAT', 'RED MEAT', 'PIZZA', 'BURGER', 'PASTA']"
0,14759,Male,Bosnia,21,1,0,0,1,1,0,0,0,0,1,0,"['WHITE MEAT', 'RED MEAT', 'PIZZA', 'BURGER', 'PASTA']"
0,14759,Male,Bosnia,21,1,0,0,1,1,0,0,0,0,1,0,"['WHITE MEAT', 'RED MEAT', 'PIZZA', 'BURGER', 'PASTA']"
0,14669,Male,Bosnia,19,0,0,1,1,0,1,0,0,0,1,0,"['WHITE MEAT', 'PASTA']"
0,14669,Male,Bosnia,19,0,0,1,1,0,1,0,0,0,1,0,"['WHITE MEAT', 'PASTA']"
0,14666,Male,Bosnia,20,0,0,0,1,0,0,0,0,0,0,0,"['PIZZA', 'PASTA']"
0,14666,Male,Bosnia,20,0,0,0,1,0,0,0,0,0,0,0,"['PIZZA', 'PASTA']"
0,14774,Male,Bosnia,20,0,0,0,0,0,0,0,0,0,1,0,"['RED MEAT', 'PASTA']"
0,14774,Male,Bosnia,20,0,0,0,0,0,0,0,0,0,1,0,"['RED MEAT', 'PASTA']"
0,14655,Female,Italy,25,0,0,0,1,0,0,0,0,0,1,0,"['PIZZA', 'SALAD']"
0,14655,Female,Italy,25,0,0,0,1,0,0,0,0,0,1,0,"['PIZZA', 'SALAD']"
0,14752,Male,Italy,19,1,0,1,1,0,0,0,0,0,1,0,"['PIZZA', 'PASTA']"
0,14752,Male,Italy,19,1,0,1,1,0,0,0,0,0,1,0,"['PIZZA', 'PASTA']"
0,14757,Male,Bosnia,20,0,0,0,1,0,0,0,0,0,0,0,"['PIZZA', 'PASTA']"
0,14757,Male,Bosnia,20,0,0,0,1,0,0,0,0,0,0,0,"['PIZZA', 'PASTA']"
0,14784,Female,Italy,17,1,1,0,0,0,0,0,0,0,0,0,"['PIZZA', 'PASTA']"
0,14784,Female,Italy,17,1,1,0,0,0,0,0,0,0,0,0,"['PIZZA', 'PASTA']"
0,14653,Male,Bosnia,20,0,0,0,1,0,0,0,0,0,1,0,"['BURGER', 'PASTA']"
0,14653,Male,Bosnia,20,0,0,0,1,0,0,0,0,0,1,0,"['BURGER', 'PASTA']"
0,14653,Male,Bosnia,20,0,0,0,1,0,0,0,0,0,1,0,"['BURGER', 'PASTA']"
0,14653,Male,Bosnia,20,0,0,0,1,0,0,0,0,0,1,0,"['BURGER', 'PASTA']"
0,14781,Male,Italy,20,0,1,0,0,0,1,0,0,0,0,1,"['WHITE MEAT', 'FISH', 'RED MEAT']"
0,14781,Male,Italy,20,0,1,0,0,0,1,0,0,0,0,1,"['WHITE MEAT', 'FISH', 'RED MEAT']"
0,14781,Male,Italy,20,0,1,0,0,0,1,0,0,0,0,1,"['WHITE MEAT', 'FISH', 'RED MEAT']"
0,14736,Male,Bosnia,21,0,0,0,1,0,0,0,0,0,0,0,"['RED MEAT', 'PIZZA']"
0,14736,Male,Bosnia,21,0,0,0,1,0,0,0,0,0,0,0,"['RED MEAT', 'PIZZA']"
0,14738,Male,Italy,20,0,0,0,1,0,0,1,0,0,0,0,"['RED MEAT', 'PIZZA']"
0,14738,Male,Italy,20,0,0,0,1,0,0,1,0,0,0,0,"['RED MEAT', 'PIZZA']"
0,14714,Male,Bosnia,20,0,0,1,0,0,1,0,0,0,0,0,"['FISH', 'BURGER']"
0,14714,Male,Bosnia,20,0,0,1,0,0,1,0,0,0,0,0,"['FISH', 'BURGER']"
0,14761,Male,Bosnia,20,0,0,0,1,0,0,0,0,0,1,0,"['RED MEAT', 'PIZZA']"
0,14761,Male,Bosnia,20,0,0,0,1,0,0,0,0,0,1,0,"['RED MEAT', 'PIZZA']"
0,14647,Male,Bosnia,20,0,0,0,1,0,0,0,0,0,1,0,"['RED MEAT', 'PIZZA']"
0,14647,Male,Bosnia,20,0,0,0,1,0,0,0,0,0,1,0,"['RED MEAT', 'PIZZA']"
0,14647,Male,Bosnia,20,0,0,0,1,0,0,0,0,0,1,0,"['RED MEAT', 'PIZZA']"
0,14647,Male,Bosnia,20,0,0,0,1,0,0,0,0,0,1,0,"['RED MEAT', 'PIZZA']"
0,14647,Male,Bosnia,20,0,0,0,1,0,0,0,0,0,1,0,"['RED MEAT', 'PIZZA']"
0,14647,Male,Bosnia,20,0,0,0,1,0,0,0,0,0,1,0,"['RED MEAT', 'PIZZA']"
0,14712,Male,Bosnia,21,0,0,0,1,0,0,0,0,0,0,0,"['FISH', 'PASTA']"
0,14712,Male,Bosnia,21,0,0,0,1,0,0,0,0,0,0,0,"['FISH', 'PASTA']"
0,14799,Male,Bosnia,19,1,0,0,1,0,0,0,0,0,0,0,"['PIZZA', 'SALAD']"
0,14799,Male,Bosnia,19,1,0,0,1,0,0,0,0,0,0,0,"['PIZZA', 'SALAD']"
0,14674,Male,Bosnia,19,1,0,0,1,0,0,0,0,0,0,0,"['PIZZA', 'SALAD']"
0,14674,Male,Bosnia,19,1,0,0,1,0,0,0,0,0,0,0,"['PIZZA', 'SALAD']"
0,14674,Male,Bosnia,19,1,0,0,1,0,0,0,0,0,0,0,"['PIZZA', 'SALAD']"
0,14674,Male,Bosnia,19,1,0,0,1,0,0,0,0,0,0,0,"['PIZZA', 'SALAD']"
0,14911,Male,Bosnia,20,0,0,0,1,0,0,0,0,0,1,0,"['WHITE MEAT', 'PIZZA']"
0,14911,Male,Bosnia,20,0,0,0,1,0,0,0,0,0,1,0,"['WHITE MEAT', 'PIZZA']"
0,14927,Male,Bosnia,20,0,0,0,1,0,0,0,0,0,1,0,"['WHITE MEAT', 'PIZZA']"
0,14927,Male,Bosnia,20,0,0,0,1,0,0,0,0,0,1,0,"['WHITE MEAT', 'PIZZA']"
0,14687,Male,Bosnia,21,1,0,0,1,0,0,0,0,0,0,0,"['RED MEAT', 'PIZZA']"
0,14687,Male,Bosnia,21,1,0,0,1,0,0,0,0,0,0,0,"['RED MEAT', 'PIZZA']"
0,14746,Female,Bosnia,20,0,0,0,1,0,0,0,0,0,0,0,"['RED MEAT', 'PASTA']"
0,14746,Female,Bosnia,20,0,0,0,1,0,0,0,0,0,0,0,"['RED MEAT', 'PASTA']"
0,14663,Female,Bosnia,20,0,0,0,1,0,0,0,0,0,1,0,"['RED MEAT', 'PASTA']"
0,14663,Female,Bosnia,20,0,0,0,1,0,0,0,0,0,1,0,"['RED MEAT', 'PASTA']"
0,14758,Female,Bosnia,19,1,0,0,0,0,0,0,0,0,0,0,"['FISH', 'SALAD']"
0,14758,Female,Bosnia,19,1,0,0,0,0,0,0,0,0,0,0,"['FISH', 'SALAD']"
0,14650,Female,Bosnia,19,1,0,0,0,0,0,0,0,0,0,0,"['FISH', 'SALAD']"
0,14650,Female,Bosnia,19,1,0,0,0,0,0,0,0,0,0,0,"['FISH', 'SALAD']"
0,14664,Male,Bosnia,19,1,0,0,1,1,0,0,0,0,1,0,"['RED MEAT', 'PIZZA']"
0,14664,Male,Bosnia,19,1,0,0,1,1,0,0,0,0,1,0,"['RED MEAT', 'PIZZA']"
0,14641,Male,Bosnia,20,1,1,0,0,0,0,0,0,0,1,0,"['RED MEAT', 'SOUP', 'PIZZA', 'SALAD', 'BURGER', 'PASTA']"
0,14641,Male,Bosnia,20,1,1,0,0,0,0,0,0,0,1,0,"['RED MEAT', 'SOUP', 'PIZZA', 'SALAD', 'BURGER', 'PASTA']"
0,14641,Male,Bosnia,20,1,1,0,0,0,0,0,0,0,1,0,"['RED MEAT', 'SOUP', 'PIZZA', 'SALAD', 'BURGER', 'PASTA']"
0,14641,Male,Bosnia,20,1,1,0,0,0,0,0,0,0,1,0,"['RED MEAT', 'SOUP', 'PIZZA', 'SALAD', 'BURGER', 'PASTA']"
0,14641,Male,Bosnia,20,1,1,0,0,0,0,0,0,0,1,0,"['RED MEAT', 'SOUP', 'PIZZA', 'SALAD', 'BURGER', 'PASTA']"
0,14641,Male,Bosnia,20,1,1,0,0,0,0,0,0,0,1,0,"['RED MEAT', 'SOUP', 'PIZZA', 'SALAD', 'BURGER', 'PASTA']"
0,14747,Male,Bosnia,19,1,0,0,1,1,0,0,0,0,1,0,"['RED MEAT', 'PIZZA']"
0,14747,Male,Bosnia,19,1,0,0,1,1,0,0,0,0,1,0,"['RED MEAT', 'PIZZA']"
0,14737,Male,Bosnia,21,0,0,0,1,0,0,0,0,0,0,0,"['PIZZA', 'BURGER']"
0,14737,Male,Bosnia,21,0,0,0,1,0,0,0,0,0,0,0,"['PIZZA', 'BURGER']"
0,14778,Male,Bosnia,20,1,0,1,1,0,0,0,0,0,0,0,"['RED MEAT', 'PIZZA', 'SALAD', 'BURGER', 'PASTA']"
0,14778,Male,Bosnia,20,1,0,1,1,0,0,0,0,0,0,0,"['RED MEAT', 'PIZZA', 'SALAD', 'BURGER', 'PASTA']"
0,14778,Male,Bosnia,20,1,0,1,1,0,0,0,0,0,0,0,"['RED MEAT', 'PIZZA', 'SALAD', 'BURGER', 'PASTA']"
0,14778,Male,Bosnia,20,1,0,1,1,0,0,0,0,0,0,0,"['RED MEAT', 'PIZZA', 'SALAD', 'BURGER', 'PASTA']"
0,14778,Male,Bosnia,20,1,0,1,1,0,0,0,0,0,0,0,"['RED MEAT', 'PIZZA', 'SALAD', 'BURGER', 'PASTA']"
0,14721,Male,Bosnia,20,0,0,1,1,0,0,0,0,0,0,0,"['SALAD', 'BURGER']"
0,14721,Male,Bosnia,20,0,0,1,1,0,0,0,0,0,0,0,"['SALAD', 'BURGER']"
0,14806,Male,Bosnia,20,0,0,0,0,0,0,0,0,0,1,0,"['WHITE MEAT', 'BURGER']"
0,14806,Male,Bosnia,20,0,0,0,0,0,0,0,0,0,1,0,"['WHITE MEAT', 'BURGER']"
0,14711,Male,Bosnia,25,0,0,0,1,0,0,0,0,0,0,0,"['PIZZA', 'BURGER']"
0,14711,Male,Bosnia,25,0,0,0,1,0,0,0,0,0,0,0,"['PIZZA', 'BURGER']"
0,14685,Male,Italy,20,0,0,0,1,1,0,0,0,0,1,0,"['WHITE MEAT', 'FISH', 'RED MEAT']"
0,14685,Male,Italy,20,0,0,0,1,1,0,0,0,0,1,0,"['WHITE MEAT', 'FISH', 'RED MEAT']"
0,14685,Male,Italy,20,0,0,0,1,1,0,0,0,0,1,0,"['WHITE MEAT', 'FISH', 'RED MEAT']"
0,14651,Male,Bosnia,20,1,0,0,1,0,0,0,0,0,0,0,"['RED MEAT', 'PIZZA', 'RICE', 'PASTA']"
0,14651,Male,Bosnia,20,1,0,0,1,0,0,0,0,0,0,0,"['RED MEAT', 'PIZZA', 'RICE', 'PASTA']"
0,14651,Male,Bosnia,20,1,0,0,1,0,0,0,0,0,0,0,"['RED MEAT', 'PIZZA', 'RICE', 'PASTA']"
0,14651,Male,Bosnia,20,1,0,0,1,0,0,0,0,0,0,0,"['RED MEAT', 'PIZZA', 'RICE', 'PASTA']"
0,14794,Male,Bosnia,20,0,0,0,1,0,0,0,0,0,1,0,"['RED MEAT', 'PIZZA']"
0,14794,Male,Bosnia,20,0,0,0,1,0,0,0,0,0,1,0,"['RED MEAT', 'PIZZA']"
0,14665,Male,Bosnia,21,0,0,0,1,0,0,0,1,0,1,0,"['PIZZA', 'PASTA']"
0,14665,Male,Bosnia,21,0,0,0,1,0,0,0,1,0,1,0,"['PIZZA', 'PASTA']"
0,14733,Male,Bosnia,20,1,0,0,1,0,0,0,0,0,0,0,"['RED MEAT', 'PIZZA', 'RICE', 'PASTA']"
0,14733,Male,Bosnia,20,1,0,0,1,0,0,0,0,0,0,0,"['RED MEAT', 'PIZZA', 'RICE', 'PASTA']"
0,14733,Male,Bosnia,20,1,0,0,1,0,0,0,0,0,0,0,"['RED MEAT', 'PIZZA', 'RICE', 'PASTA']"
0,14733,Male,Bosnia,20,1,0,0,1,0,0,0,0,0,0,0,"['RED MEAT', 'PIZZA', 'RICE', 'PASTA']"
0,14733,Male,Bosnia,20,1,0,0,1,0,0,0,0,0,0,0,"['RED MEAT', 'PIZZA', 'RICE', 'PASTA']"
0,14733,Male,Bosnia,20,1,0,0,1,0,0,0,0,0,0,0,"['RED MEAT', 'PIZZA', 'RICE', 'PASTA']"
0,14733,Male,Bosnia,20,1,0,0,1,0,0,0,0,0,0,0,"['RED MEAT', 'PIZZA', 'RICE', 'PASTA']"
0,14733,Male,Bosnia,20,1,0,0,1,0,0,0,0,0,0,0,"['RED MEAT', 'PIZZA', 'RICE', 'PASTA']"
0,14722,Male,Bosnia,21,0,0,0,1,0,0,0,0,0,1,0,"['RED MEAT', 'PIZZA']"
0,14722,Male,Bosnia,21,0,0,0,1,0,0,0,0,0,1,0,"['RED MEAT', 'PIZZA']"
0,14658,Female,Bosnia,21,0,0,0,1,0,1,1,0,0,1,0,"['FISH', 'PIZZA', 'BURGER', 'PASTA']"
0,14658,Female,Bosnia,21,0,0,0,1,0,1,1,0,0,1,0,"['FISH', 'PIZZA', 'BURGER', 'PASTA']"
0,14658,Female,Bosnia,21,0,0,0,1,0,1,1,0,0,1,0,"['FISH', 'PIZZA', 'BURGER', 'PASTA']"
0,14658,Female,Bosnia,21,0,0,0,1,0,1,1,0,0,1,0,"['FISH', 'PIZZA', 'BURGER', 'PASTA']"
0,14658,Female,Bosnia,21,0,0,0,1,0,1,1,0,0,1,0,"['FISH', 'PIZZA', 'BURGER', 'PASTA']"
0,14658,Female,Bosnia,21,0,0,0,1,0,1,1,0,0,1,0,"['FISH', 'PIZZA', 'BURGER', 'PASTA']"
0,14658,Female,Bosnia,21,0,0,0,1,0,1,1,0,0,1,0,"['FISH', 'PIZZA', 'BURGER', 'PASTA']"
0,14658,Female,Bosnia,21,0,0,0,1,0,1,1,0,0,1,0,"['FISH', 'PIZZA', 'BURGER', 'PASTA']"
0,14731,Male,Bosnia,21,1,1,0,1,0,0,0,0,0,0,0,"['BURGER', 'PASTA']"
0,14731,Male,Bosnia,21,1,1,0,1,0,0,0,0,0,0,0,"['BURGER', 'PASTA']"
0,14802,Male,Bosnia,21,0,0,0,1,0,0,0,1,0,1,0,"['RED MEAT', 'PIZZA', 'BURGER', 'PASTA']"
0,14802,Male,Bosnia,21,0,0,0,1,0,0,0,1,0,1,0,"['RED MEAT', 'PIZZA', 'BURGER', 'PASTA']"
0,14802,Male,Bosnia,21,0,0,0,1,0,0,0,1,0,1,0,"['RED MEAT', 'PIZZA', 'BURGER', 'PASTA']"
0,14802,Male,Bosnia,21,0,0,0,1,0,0,0,1,0,1,0,"['RED MEAT', 'PIZZA', 'BURGER', 'PASTA']"
0,14694,Male,Bosnia,20,0,0,0,0,0,0,0,0,1,1,0,"['RED MEAT', 'BURGER']"
0,14694,Male,Bosnia,20,0,0,0,0,0,0,0,0,1,1,0,"['RED MEAT', 'BURGER']"
0,14930,Male,Bosnia,20,0,0,0,1,0,0,0,0,0,1,0,"['PIZZA', 'BURGER', 'PASTA']"
0,14930,Male,Bosnia,20,0,0,0,1,0,0,0,0,0,1,0,"['PIZZA', 'BURGER', 'PASTA']"
0,14930,Male,Bosnia,20,0,0,0,1,0,0,0,0,0,1,0,"['PIZZA', 'BURGER', 'PASTA']"
0,14800,Male,Bosnia,20,0,0,0,1,0,0,0,0,0,1,0,"['FISH', 'PIZZA']"
0,14800,Male,Bosnia,20,0,0,0,1,0,0,0,0,0,1,0,"['FISH', 'PIZZA']"
0,14884,Male,Bosnia,20,0,0,0,0,0,0,0,1,1,1,0,"['SOUP', 'PIZZA', 'SALAD', 'BURGER']"
0,14884,Male,Bosnia,20,0,0,0,0,0,0,0,1,1,1,0,"['SOUP', 'PIZZA', 'SALAD', 'BURGER']"
0,14884,Male,Bosnia,20,0,0,0,0,0,0,0,1,1,1,0,"['SOUP', 'PIZZA', 'SALAD', 'BURGER']"
0,14884,Male,Bosnia,20,0,0,0,0,0,0,0,1,1,1,0,"['SOUP', 'PIZZA', 'SALAD', 'BURGER']"
0,14807,Male,Bosnia,20,0,0,0,1,0,0,0,0,0,0,0,"['WHITE MEAT', 'PIZZA']"
0,14807,Male,Bosnia,20,0,0,0,1,0,0,0,0,0,0,0,"['WHITE MEAT', 'PIZZA']"
0,14716,Male,Bosnia,19,0,0,0,1,0,0,0,0,0,1,0,"['PIZZA', 'PASTA']"
0,14716,Male,Bosnia,19,0,0,0,1,0,0,0,0,0,1,0,"['PIZZA', 'PASTA']"
0,14680,Female,Serbia,36,0,0,0,1,1,0,0,0,0,0,0,"['CHINESE NOODLE', 'BURGER']"
0,14680,Female,Serbia,36,0,0,0,1,1,0,0,0,0,0,0,"['CHINESE NOODLE', 'BURGER']"
0,14732,Female,Serbia,36,0,0,0,0,0,1,0,0,0,0,0,"['WHITE MEAT', 'SALAD']"
0,14732,Female,Serbia,36,0,0,0,0,0,1,0,0,0,0,0,"['WHITE MEAT', 'SALAD']"
0,14686,Male,Italy,33,1,0,0,1,1,0,1,1,1,1,0,"['PIZZA', 'BURGER']"
0,14686,Male,Italy,33,1,0,0,1,1,0,1,1,1,1,0,"['PIZZA', 'BURGER']"
0,14697,Male,Iran,32,0,0,0,1,0,1,0,0,0,1,0,"['PIZZA', 'BURGER']"
0,14697,Male,Iran,32,0,0,0,1,0,1,0,0,0,1,0,"['PIZZA', 'BURGER']"
0,14790,Male,Italy,19,0,0,0,1,1,0,0,0,0,1,0,"['WHITE MEAT', 'FISH', 'RED MEAT', 'PIZZA', 'PASTA']"
0,14790,Male,Italy,19,0,0,0,1,1,0,0,0,0,1,0,"['WHITE MEAT', 'FISH', 'RED MEAT', 'PIZZA', 'PASTA']"
0,14790,Male,Italy,19,0,0,0,1,1,0,0,0,0,1,0,"['WHITE MEAT', 'FISH', 'RED MEAT', 'PIZZA', 'PASTA']"
0,14790,Male,Italy,19,0,0,0,1,1,0,0,0,0,1,0,"['WHITE MEAT', 'FISH', 'RED MEAT', 'PIZZA', 'PASTA']"
0,14790,Male,Italy,19,0,0,0,1,1,0,0,0,0,1,0,"['WHITE MEAT', 'FISH', 'RED MEAT', 'PIZZA', 'PASTA']"
0,14735,Male,Italy,33,1,0,0,1,0,0,1,1,1,1,0,"['PIZZA', 'PASTA']"
0,14735,Male,Italy,33,1,0,0,1,0,0,1,1,1,1,0,"['PIZZA', 'PASTA']"
0,14749,Male,Italy,32,0,0,0,1,0,0,0,1,0,1,0,"['PIZZA', 'BURGER']"
0,14749,Male,Italy,32,0,0,0,1,0,0,0,1,0,1,0,"['PIZZA', 'BURGER']"
0,14909,Male,Italy,27,0,0,0,1,0,0,0,1,0,1,0,"['PIZZA', 'BURGER', 'PASTA']"
0,14909,Male,Italy,27,0,0,0,1,0,0,0,1,0,1,0,"['PIZZA', 'BURGER', 'PASTA']"
0,14909,Male,Italy,27,0,0,0,1,0,0,0,1,0,1,0,"['PIZZA', 'BURGER', 'PASTA']"
0,14935,Female,Iran,37,0,0,0,1,0,0,0,0,0,1,0,"['PIZZA', 'BURGER', 'PASTA']"
0,14935,Female,Iran,37,0,0,0,1,0,0,0,0,0,1,0,"['PIZZA', 'BURGER', 'PASTA']"
0,14935,Female,Iran,37,0,0,0,1,0,0,0,0,0,1,0,"['PIZZA', 'BURGER', 'PASTA']"
0,14748,Male,Russian,32,0,0,1,1,1,0,0,0,0,0,0,"['FISH', 'RED MEAT', 'SALAD']"
0,14748,Male,Russian,32,0,0,1,1,1,0,0,0,0,0,0,"['FISH', 'RED MEAT', 'SALAD']"
0,14748,Male,Russian,32,0,0,1,1,1,0,0,0,0,0,0,"['FISH', 'RED MEAT', 'SALAD']"
0,14899,Male,Pakistan,28,0,1,0,0,0,1,0,1,0,0,0,"['CHINESE NOODLE', 'BURGER']"
0,14899,Male,Pakistan,28,0,1,0,0,0,1,0,1,0,0,0,"['CHINESE NOODLE', 'BURGER']"
0,14889,Male,Russian,27,0,0,0,1,1,0,0,0,0,0,0,"['RED MEAT', 'SOUP']"
0,14889,Male,Russian,27,0,0,0,1,1,0,0,0,0,0,0,"['RED MEAT', 'SOUP']"
0,14699,Female,Bosnia,35,1,1,1,1,0,0,0,0,0,0,1,"['CHINESE NOODLE', 'PASTA']"
0,14699,Female,Bosnia,35,1,1,1,1,0,0,0,0,0,0,1,"['CHINESE NOODLE', 'PASTA']"
0,14699,Female,Bosnia,35,1,1,1,1,0,0,0,0,0,0,1,"['CHINESE NOODLE', 'PASTA']"
0,14699,Female,Bosnia,35,1,1,1,1,0,0,0,0,0,0,1,"['CHINESE NOODLE', 'PASTA']"
0,14797,Male,Italy,32,0,0,1,0,0,0,0,0,0,0,0,"['FISH', 'CHINESE NOODLE']"
0,14797,Male,Italy,32,0,0,1,0,0,0,0,0,0,0,0,"['FISH', 'CHINESE NOODLE']"
0,20672,Male,Bosnia and Herzegovina,20,0,0,0,1,0,0,1,0,0,0,0,"['RED MEAT', 'PASTA']"
0,20672,Male,Bosnia and Herzegovina,20,0,0,0,1,0,0,1,0,0,0,0,"['RED MEAT', 'PASTA']"
0,20672,Male,Bosnia and Herzegovina,20,0,0,0,1,0,0,1,0,0,0,0,"['RED MEAT', 'PASTA']"
0,20672,Male,Bosnia and Herzegovina,20,0,0,0,1,0,0,1,0,0,0,0,"['RED MEAT', 'PASTA']"
0,20735,Female,Iran,41,0,0,0,1,0,0,0,0,0,1,0,"['RED MEAT', 'PIZZA', 'RICE', 'BURGER']"
0,20735,Female,Iran,41,0,0,0,1,0,0,0,0,0,1,0,"['RED MEAT', 'PIZZA', 'RICE', 'BURGER']"
0,20735,Female,Iran,41,0,0,0,1,0,0,0,0,0,1,0,"['RED MEAT', 'PIZZA', 'RICE', 'BURGER']"
0,20735,Female,Iran,41,0,0,0,1,0,0,0,0,0,1,0,"['RED MEAT', 'PIZZA', 'RICE', 'BURGER']"
0,20735,Female,Iran,41,0,0,0,1,0,0,0,0,0,1,0,"['RED MEAT', 'PIZZA', 'RICE', 'BURGER']"
0,20735,Female,Iran,41,0,0,0,1,0,0,0,0,0,1,0,"['RED MEAT', 'PIZZA', 'RICE', 'BURGER']"
0,20735,Female,Iran,41,0,0,0,1,0,0,0,0,0,1,0,"['RED MEAT', 'PIZZA', 'RICE', 'BURGER']"
0,20735,Female,Iran,41,0,0,0,1,0,0,0,0,0,1,0,"['RED MEAT', 'PIZZA', 'RICE', 'BURGER']"
0,20734,Female,Italy,38,0,0,0,0,0,0,0,0,0,1,1,"['SOUP', 'SALAD']"
0,20734,Female,Italy,38,0,0,0,0,0,0,0,0,0,1,1,"['SOUP', 'SALAD']"
0,20734,Female,Italy,25,0,0,0,0,1,0,0,0,0,1,0,"['PIZZA', 'SALAD']"
0,20734,Female,Italy,25,0,0,0,0,1,0,0,0,0,1,0,"['PIZZA', 'SALAD']"
0,20739,Male,Iran,34,0,0,0,1,0,0,0,0,0,1,0,"['PIZZA', 'BURGER']"
0,20739,Male,Iran,34,0,0,0,1,0,0,0,0,0,1,0,"['PIZZA', 'BURGER']"
0,20738,Male,Lebanon,25,0,0,1,1,0,0,1,1,0,0,0,"['PIZZA', 'RICE', 'PASTA']"
0,20738,Male,Lebanon,25,0,0,1,1,0,0,1,1,0,0,0,"['PIZZA', 'RICE', 'PASTA']"
0,20738,Male,Lebanon,25,0,0,1,1,0,0,1,1,0,0,0,"['PIZZA', 'RICE', 'PASTA']"
0,20769,Male,Iran,35,0,0,0,0,0,0,0,0,0,1,0,['BURGER']
0,20770,Male,Lebanon,27,0,0,0,0,0,0,0,1,0,0,0,"['RED MEAT', 'BURGER', 'PASTA']"
0,20770,Male,Lebanon,27,0,0,0,0,0,0,0,1,0,0,0,"['RED MEAT', 'BURGER', 'PASTA']"
0,20770,Male,Lebanon,27,0,0,0,0,0,0,0,1,0,0,0,"['RED MEAT', 'BURGER', 'PASTA']"
0,20767,Female,Iran,38,0,0,0,0,0,0,0,0,0,1,1,"['SOUP', 'SALAD']"
0,20767,Female,Iran,38,0,0,0,0,0,0,0,0,0,1,1,"['SOUP', 'SALAD']"
0,20771,Female,Iran,41,0,0,0,1,0,0,0,0,0,1,0,"['RED MEAT', 'PIZZA', 'RICE']"
0,20771,Female,Iran,41,0,0,0,1,0,0,0,0,0,1,0,"['RED MEAT', 'PIZZA', 'RICE']"
0,20771,Female,Iran,41,0,0,0,1,0,0,0,0,0,1,0,"['RED MEAT', 'PIZZA', 'RICE']"
0,20770,Male,Lebanon,27,0,0,1,1,0,0,0,0,0,0,0,"['PIZZA', 'RICE', 'PASTA']"
0,20770,Male,Lebanon,27,0,0,1,1,0,0,0,0,0,0,0,"['PIZZA', 'RICE', 'PASTA']"
0,20770,Male,Lebanon,27,0,0,1,1,0,0,0,0,0,0,0,"['PIZZA', 'RICE', 'PASTA']"
0,20789,Male,Algeria,29,1,0,0,1,0,0,0,0,0,0,0,"['FISH', 'RICE']"
0,20789,Male,Algeria,29,1,0,0,1,0,0,0,0,0,0,0,"['FISH', 'RICE']"
0,20788,Male,Russian,26,0,0,1,1,0,0,0,0,0,0,1,"['FISH', 'RED MEAT', 'BURGER']"
0,20788,Male,Russian,26,0,0,1,1,0,0,0,0,0,0,1,"['FISH', 'RED MEAT', 'BURGER']"
0,20788,Male,Russian,26,0,0,1,1,0,0,0,0,0,0,1,"['FISH', 'RED MEAT', 'BURGER']"
0,20797,Female,Germany,29,0,0,0,0,0,0,0,0,0,1,0,"['FISH', 'RED MEAT']"
0,20797,Female,Germany,29,0,0,0,0,0,0,0,0,0,1,0,"['FISH', 'RED MEAT']"
0,20798,Male,Russian,32,0,0,1,0,1,0,0,0,0,0,0,"['FISH', 'SOUP', 'SALAD']"
0,20798,Male,Russian,32,0,0,1,0,1,0,0,0,0,0,0,"['FISH', 'SOUP', 'SALAD']"
0,20798,Male,Russian,32,0,0,1,0,1,0,0,0,0,0,0,"['FISH', 'SOUP', 'SALAD']"
